[
    {
        "model": "omicspred.ExternalSource",
        "pk": 1,
        "fields": {
            "name": "Ensembl",
            "version": "113",
            "url": "https://www.ensembl.org"
        }
    },
    {
        "model": "omicspred.ExternalSource",
        "pk": 2,
        "fields": {
            "name": "UniProt",
            "version": "2026_01",
            "url": "https://www.uniprot.org"
        }
    },
    {
        "model": "omicspred.Publication",
        "pk": 1,
        "fields": {
            "id": "OPP000001",
            "pmid": 36991119,
            "doi": "10.1038/s41586-023-05844-9",
            "journal": "Nature",
            "firstauthor": "Xu Y",
            "authors": "Xu Y, ..., Butterworth AS, Inouye M.",
            "title": "An atlas of genetic scores to predict multi-omic traits.",
            "date_publication": "2023-03-29",
            "date_released": "2023-03-29",
            "curation_status": "C",
            "curation_notes": ""
        }
    },
    {
        "model": "omicspred.Publication",
        "pk": 2,
        "fields": {
            "id": "OPP000002",
            "pmid": 123456,
            "doi": "10.1000/s1233456",
            "journal": "Test",
            "firstauthor": "Doe J",
            "authors": "Doe J",
            "title": "A test publication.",
            "date_publication": "2024-01-01",
            "date_released": "2024-03-01",
            "curation_status": "C",
            "curation_notes": ""
        }
    },
    {
        "model": "omicspred.PlatformMaster",
        "pk": 1,
        "fields": {
            "name": "Somalogic",
            "full_name": "Somalogic",
            "technique": "aptamer-based multiplex protein assay",
            "type": "Proteomics"
        }
    },
    {
        "model": "omicspred.PlatformMaster",
        "pk": 2,
        "fields": {
            "name": "Olink",
            "full_name": "Olink",
            "technique": "antibody-based proximity extension assay for proteins",
            "type": "Proteomics"
        }
    },
    {
        "model": "omicspred.PlatformMaster",
        "pk": 4,
        "fields": {
            "name": "Metabolon",
            "full_name": "Metabolon Discovery HD4",
            "technique": "untargeted mass spectrometry metabolomics platform",
            "type": "Metabolomics"
        }
    },
    {
        "model": "omicspred.PlatformMaster",
        "pk": 5,
        "fields": {
            "name": "Illumina RNAseq",
            "full_name": "Illumina NovaSeq 6000",
            "technique": "whole-transcriptome sequencing platform",
            "type": "Transcriptomics"
        }
    },
    {
        "model": "omicspred.Platform",
        "pk": 1,
        "fields": {
            "name": "Somalogic",
            "version": "3.0",
            "platform_master_id": 1
        }
    },
    {
        "model": "omicspred.Platform",
        "pk": 2,
        "fields": {
            "name": "Olink",
            "version": "Target",
            "platform_master_id": 2
        }
    },
    {
        "model": "omicspred.Platform",
        "pk": 4,
        "fields": {
            "name": "Metabolon",
            "platform_master_id": 4
        }
    },
    {
        "model": "omicspred.Platform",
        "pk": 5,
        "fields": {
            "name": "Illumina RNAseq",
            "platform_master_id": 5
        }
    },
    {
        "model": "omicspred.Cohort",
        "pk": 1,
        "fields": {
            "name_short": "INTERVAL",
            "name_full": "INTERVAL",
            "name_others": null,
            "description": "A cohort of healthy blood donors in England",
            "url": "https://www.intervalstudy.org.uk/"
        }
    },
    {
        "model": "omicspred.Cohort",
        "pk": 2,
        "fields": {
            "name_short": "UKB",
            "name_full": "UK Biobank",
            "name_others": null,
            "url": "https://www.ukbiobank.ac.uk/"
        }
    },
    {
        "model": "omicspred.Cohort",
        "pk": 3,
        "fields": {
            "name_short": "MVP",
            "name_full": "Million Veteran Program",
            "name_others": null,
            "url": "https://www.mvp.va.gov/pwa/"
        }
    },
    {
        "model": "omicspred.Sample",
        "pk": 1,
        "fields": {
            "sample_number": 3175,
            "sample_percent_male": 50.8,
            "sample_age": 46.3,
            "sample_age_sd": 14.2,
            "ancestry_broad": "European",
            "ancestry_assignment": "SR",
            "cohorts": [ 1 ]
        }
    },
    {
        "model": "omicspred.Sample",
        "pk": 2,
        "fields": {
            "sample_number": 98245,
            "sample_percent_male": 45.8,
            "sample_age": 56.5,
            "sample_age_sd": 8.1,
            "ancestry_broad": "European",
            "ancestry_assignment": "SR",
            "cohorts": [ 2 ]
        }
    },
    {
        "model": "omicspred.Sample",
        "pk": 490,
        "fields": {
            "sample_number": 426570,
            "sample_cases": 335948,
            "sample_controls": 90622,
            "source_gwas_catalog": "GCST90475715",
            "source_pmid": 39024449,
            "ancestry_broad": "European",
            "ancestry_assignment": "SR",
            "cohorts": [ 3 ]
        }
    },
    {
        "model": "omicspred.Sample",
        "pk": 499,
        "fields": {
            "sample_number": 441953,
            "sample_cases": 41607,
            "sample_controls": 400346,
            "source_gwas_catalog": "GCST90475799",
            "source_pmid": 39024449,
            "ancestry_broad": "European",
            "ancestry_assignment": "SR",
            "cohorts": [ 3 ]
        }
    },
    {
        "model": "omicspred.Sample",
        "pk": 643,
        "fields": {
            "sample_number": 439106,
            "sample_cases": 25234,
            "sample_controls": 413872,
            "source_gwas_catalog": "GCST90475670",
            "source_pmid": 39024449,
            "ancestry_broad": "European",
            "ancestry_assignment": "NR",
            "cohorts": [ 3 ]
        }
    },
    {
        "model": "omicspred.Sample",
        "pk": 673,
        "fields": {
            "sample_number": 450439,
            "sample_cases": 2852,
            "sample_controls": 447587,
            "source_gwas_catalog": "GCST90475569",
            "source_pmid": 39024449,
            "ancestry_broad": "European",
            "ancestry_assignment": "NR",
            "cohorts": [ 3 ],
            "cohorts_additional": "withheld"
        }
    },
    {
        "model": "omicspred.Species",
        "pk": 9606,
        "fields": {
            "taxonomy_id": 9606,
            "name": "human",
            "name_latin": "Homo sapiens"
        }
    },
    {
        "model": "omicspred.Tissue",
        "pk": "UBERON_0001969",
        "fields": {
            "label": "blood plasma",
            "description": "The liquid component of blood, in which erythrocytes are suspended.",
            "url": "http://purl.obolibrary.org/obo/UBERON_0001969",
            "type": "tissue"
        }
    },
    {
        "model": "omicspred.Tissue",
        "pk": "BTO_0000133",
        "fields": {
            "label": "blood serum",
            "description": "The cell-free portion of the blood from which the fibrinogen has been separated in the process of clotting.",
            "url": "http://purl.obolibrary.org/obo/BTO_0000133",
            "type": "tissue"
        }
    },
    {
        "model": "omicspred.Dataset",
        "pk": 1,
        "fields": {
            "id": "OPD000001",
            "name": "DS1",
            "omics_count": 2384,
            "omics_type": "protein",
            "scores_count": 2384,
            "phewas_count": 31481,
            "files_ids": {
                "gwas_sumstats": "u3fl",
                "scoring_files": "z86f",
                "score_variant_info": "eac8",
                "validation_results": "7j72",
                "scoring_files_pgsc_calc": "7qga"
            },
            "platform": 1,
            "publication": 1,
            "method_name": "Bayesian Ridge regression",
            "training_window": "genome-wide",
            "species_id": 9606,
            "tissue_id": "UBERON_0001969",
            "license": "Creative Commons Attribution 4.0 International (CC BY 4.0)",
            "samples_training": [ 1 ],
            "samples_validation": [ 2 ]
        }
    },
    {
        "model": "omicspred.Dataset",
        "pk": 2,
        "fields": {
            "id": "OPD000002",
            "name": "INTERVAL",
            "omics_count": 308,
            "omics_type": "protein",
            "scores_count": 308,
            "phewas_count": 4695,
            "files_ids": {
                "gwas_sumstats": "u3fl1",
                "scoring_files": "z86f1",
                "score_variant_info": "eac81",
                "validation_results": "7j721",
                "scoring_files_pgsc_calc": "7qga1"
            },
            "platform": 2,
            "publication": 1,
            "training_window": "genome-wide",
            "species_id": 9606,
            "tissue_id": "BTO_0000133",
            "license": "Creative Commons Attribution 4.0 International (CC BY 4.0)",
            "samples_training": [ 1 ],
            "samples_validation": [ 2 ]
        }
    },
    {
        "model": "omicspred.Dataset",
        "pk": 3,
        "fields": {
            "id": "OPD000003",
            "name": "",
            "omics_count": 726,
            "omics_type": "metabolite",
            "scores_count": 726,
            "phewas_count": 14155,
            "files_ids": {
                "gwas_sumstats": "u3fl2",
                "scoring_files": "z86f2",
                "score_variant_info": "eac82",
                "validation_results": "7j722",
                "scoring_files_pgsc_calc": "7qga2"
            },
            "platform": 4,
            "publication": 1,
            "method_name": "Bayesian Ridge regression",
            "training_window": "genome-wide",
            "species_id": 9606,
            "tissue_id": "UBERON_0001969",
            "license": "Creative Commons Attribution 4.0 International (CC BY 4.0)",
            "samples_training": [ 1 ],
            "samples_validation": [ 2 ]
        }
    },
    {
        "model": "omicspred.Dataset",
        "pk": 5,
        "fields": {
            "id": "OPD000005",
            "name": "",
            "omics_count": 13668,
            "omics_type": "transcript",
            "scores_count": 13668,
            "phewas_count": 47226,
            "files_ids": {
                "gwas_sumstats": "u3fl4",
                "scoring_files": "z86f4",
                "score_variant_info": "eac84",
                "validation_results": "7j724",
                "scoring_files_pgsc_calc": "7qga4"
            },
            "platform": 5,
            "publication": 1,
            "method_name": "Bayesian Ridge regression",
            "training_window": "genome-wide",
            "species_id": 9606,
            "tissue_id": "UBERON_0001969",
            "license": "Creative Commons Attribution 4.0 International (CC BY 4.0)",
            "samples_training": [ 1 ],
            "samples_validation": [ 2 ]
        }
    },
    {
        "model": "omicspred.SuperPathway",
        "pk": 16,
        "fields": {
            "name": "Immune System",
            "external_id": "R-HSA-168256",
            "external_id_source": "Reactome"
        }
    },
    {
        "model": "omicspred.SuperPathway",
        "pk": 17,
        "fields": {
            "name": "Metabolism",
            "external_id": "R-HSA-1430728",
            "external_id_source": "Reactome"
        }
    },
    {
        "model": "omicspred.Pathway",
        "pk": 2389,
        "fields": {
            "name": "Cholesterol biosynthesis",
            "external_id": "R-HSA-191273",
            "external_id_source": "Reactome",
            "parent_external_id": "R-HSA-8957322",
            "superpathways": [17],
            "top_level": false
        }
    },
    {
        "model": "omicspred.Pathway",
        "pk": 2400,
        "fields": {
            "name": "Immunoregulatory interactions between a Lymphoid and a non-Lymphoid cell",
            "external_id": "R-HSA-198933",
            "external_id_source": "Reactome",
            "parent_external_id": "R-HSA-1280218",
            "superpathways": [16],
            "top_level": false
        }
    },
    {
        "model": "omicspred.Gene",
        "pk": 5,
        "fields": {
            "name": "FCGR2B",
            "external_id": "ENSG00000072694",
            "external_id_source": "Ensembl",
            "biotype": "protein_coding",
            "retired_gene_model": false,
            "pathways": [2400]
        }
    },
    {
        "model": "omicspred.Protein",
        "pk": 5,
        "fields": {
            "name": "Low affinity immunoglobulin gamma Fc region receptor II-b",
            "external_id": "P31994",
            "external_id_source": "UniProt",
            "gene_id": 5,
            "description": "Receptor for the Fc region of ...",
            "synonyms": [{
                "name": "CDw32"
            }]
        }
    },
    {
        "model": "omicspred.Metabolite",
        "pk": 454,
        "fields": {
            "name": "cholesterol",
            "external_id": "CHEBI_16113",
            "external_id_source": "ChEBI",
            "description": "A cholestanoid consisting of cholestane ...",
            "synonyms": [{
                "name": "cholesterol",
                "source": "UniProt"
            }],
            "xrefs": [{
                "name": "HMDB0000067",
                "source": "HMDB"
            }],
            "pathways": [2389]
        }
    },
    {
        "model": "omicspred.Score",
        "pk": 5,
        "fields": {
            "id": "OPGS000005",
            "name": "FCGR2B.3310.62.1",
            "trait_reported": "Low affinity immunoglobulin gamma Fc region receptor II-b",
            "trait_reported_id": "P31994",
            "method_name": "Bayesian Ridge regression",
            "method_params": null,
            "variants_number": 8,
            "variants_interactions": 0,
            "variants_genomebuild": "GRCh37",
            "comment": null,
            "license": "Creative Commons Attribution 4.0 International (CC BY 4.0)",
            "species_id": 9606,
            "dataset_id": 1,
            "genes": [ 5 ],
            "proteins": [ 5 ],
            "transcripts": [],
            "metabolites": [],
            "ancestry": {"dev": {"anc": {"EUR": {"dist": 100, "count": 4822}}, "count": 4822}, "eval": {"anc": {"EUR": {"dist": 100, "count": 1924}}, "count": 1924}}
        }
    },
    {
        "model": "omicspred.Score",
        "pk": 2385,
        "fields": {
            "id": "OPGS002385",
            "name": null,
            "trait_reported": "Low affinity immunoglobulin gamma Fc region receptor II-b",
            "trait_reported_id": "P31994",
            "method_name": "Bayesian Ridge regression",
            "method_params": null,
            "variants_number": 134,
            "variants_interactions": 0,
            "variants_genomebuild": "GRCh37",
            "comment": "Model extracted as-is from the paper",
            "license": "Creative Commons Attribution 4.0 International (CC BY 4.0)",
            "species_id": 9606,
            "dataset_id": 2,
            "genes": [ 5 ],
            "proteins": [ 5 ],
            "transcripts": [],
            "metabolites": [],
            "ancestry": {"dev": {"anc": {"EUR": {"dist": 100, "count": 4822}}, "count": 4822}, "eval": {"anc": {"EUR": {"dist": 100, "count": 1924}}, "count": 1924}}
        }
    },
    {
        "model": "omicspred.Score",
        "pk": 3006,
        "fields": {
            "id": "OPGS003006",
            "name": null,
            "trait_reported": "cholesterol",
            "trait_reported_id": "M00063",
            "method_name": "Bayesian Ridge regression",
            "method_params": null,
            "variants_number": 19,
            "variants_interactions": 0,
            "variants_genomebuild": "GRCh37",
            "comment": "Model extracted as-is from the paper",
            "license": "Creative Commons Attribution 4.0 International (CC BY 4.0)",
            "species_id": 9606,
            "dataset_id": 3,
            "genes": [],
            "proteins": [],
            "transcripts": [],
            "metabolites": [ 454 ],
            "ancestry": {"dev": {"anc": {"EAS": {"dist": 80, "count": 4000},"SAS": {"dist": 20, "count": 1000}}, "count": 5000}, "eval": {"anc": {"EUR": {"dist": 100, "count": 1924}}, "count": 1924}}
        }
    },
    {
        "model": "omicspred.Score",
        "pk": 3568,
        "fields": {
            "id": "OPGS003568",
            "name": null,
            "trait_reported": "U2AF1",
            "trait_reported_id": "ENSG00000160201",
            "method_name": "Bayesian Ridge regression",
            "method_params": null,
            "variants_number": 164,
            "variants_interactions": 0,
            "variants_genomebuild": "GRCh37",
            "comment": null,
            "license": "Creative Commons Attribution 4.0 International (CC BY 4.0)",
            "species_id": 9606,
            "dataset_id": 5,
            "genes": [ 5 ],
            "proteins": [],
            "transcripts": [],
            "metabolites": [],
            "ancestry": {"dev": {"anc": {"EUR": {"dist": 100, "count": 4000}}, "count": 4000}, "eval": {"anc": {"EUR": {"dist": 100, "count": 1100}}, "count": 1100}}
        }
    },
    {
        "model": "omicspred.Performance",
        "pk": 25,
        "fields": {
            "eval_type": "T",
            "performance_additional": "2,384 genes",
            "cohort_label": "INTERVAL",
            "covariates": null,
            "sample_id": 1,
            "score_id": 5,
            "dataset_id": 1
        }
    },
    {
        "model": "omicspred.Performance",
        "pk": 26,
        "fields": {
            "eval_type": "EV",
            "performance_additional": "2,129 proteins genes",
            "cohort_label": "UKB",
            "covariates": "Age, sex, sample collection site, and the first 10 genetic principal components",
            "sample_id": 2,
            "score_id": 5,
            "dataset_id": 1
        }
    },
    {
        "model": "omicspred.Performance",
        "pk": 14305,
        "fields": {
            "eval_type": "T",
            "performance_additional": "308 genes",
            "cohort_label": "INTERVAL",
            "covariates": null,
            "sample_id": 1,
            "score_id": 2385,
            "dataset_id": 2
        }
    },
    {
        "model": "omicspred.Performance",
        "pk": 14306,
        "fields": {
            "eval_type": "EV",
            "performance_additional": "302 proteins genes",
            "cohort_label": "UKB",
            "covariates": "Age, sex, sample collection site, and the first 10 genetic principal components",
            "sample_id": 2,
            "score_id": 2385,
            "dataset_id": 2
        }
    },
    {
        "model": "omicspred.Performance",
        "pk": 17155,
        "fields": {
            "eval_type": "T",
            "performance_additional": "726 genes",
            "cohort_label": "INTERVAL",
            "covariates": null,
            "sample_id": 1,
            "score_id": 3006,
            "dataset_id": 3
        }
    },
    {
        "model": "omicspred.Performance",
        "pk": 17156,
        "fields": {
            "eval_type": "IV",
            "performance_additional": "527 metabolites genes",
            "cohort_label": "UKB",
            "covariates": "Age, sex, batch, recruitment centre, ...",
            "sample_id": 2,
            "score_id": 3006,
            "dataset_id": 3
        }
    },
    {
        "model": "omicspred.Performance",
        "pk": 17200,
        "fields": {
            "eval_type": "T",
            "performance_additional": "13,668 genes",
            "cohort_label": "INTERVAL",
            "covariates": null,
            "sample_id": 1,
            "score_id": 3568,
            "dataset_id": 5
        }
    },
    {
        "model": "omicspred.Performance",
        "pk": 17201,
        "fields": {
            "eval_type": "IV",
            "performance_additional": "12,958 genes genes",
            "cohort_label": "INTERVAL withheld subset",
            "covariates": "Age, sex, batch, recruitment centre, ...",
            "sample_id": 2,
            "score_id": 3568,
            "dataset_id": 5
        }
    },

    {
        "model": "omicspred.metric",
        "pk": 69,
        "fields": {
            "name": "Proportion of the variance explained",
            "name_short": "R2",
            "estimate": 0.727,
            "performance_id": 25,
            "type": "Pearson's correlation"
        }
    },
    {
        "model": "omicspred.Metric",
        "pk": 70,
        "fields": {
            "name": "Spearman correlation coefficient",
            "name_short": "Rho",
            "estimate": 0.876,
            "performance_id": 25,
            "type": "Spearman's rank correlation"
        }
    },

    {
        "model": "omicspred.Metric",
        "pk": 65,
        "fields": {
            "name": "Proportion of the variance explained",
            "name_short": "R2",
            "estimate": 0.497,
            "performance_id": 25,
            "type": "Pearson's correlation"
        }
    },
    {
        "model": "omicspred.Metric",
        "pk": 66,
        "fields": {
            "name": "Spearman correlation coefficient",
            "name_short": "Rho",
            "estimate": 0.657,
            "performance": 25,
            "type": "Spearman's rank correlation"
        }
    },
    {
        "model": "omicspred.Metric",
        "pk": 67,
        "fields": {
            "name": "Match Rate",
            "name_short": "Match Rate",
            "estimate": 1,
            "performance": 25,
            "type": "Variant Match Rate"
        }
    },

    {
        "model": "omicspred.Metric",
        "pk": 71,
        "fields": {
            "name": "Proportion of the variance explained",
            "name_short": "R2",
            "estimate": 0.728,
            "performance_id": 26,
            "type": "Pearson's correlation"
        }
    },
    {
        "model": "omicspred.Metric",
        "pk": 72,
        "fields": {
            "name": "Spearman correlation coefficient",
            "name_short": "Rho",
            "estimate": 0.872,
            "performance": 26,
            "type": "Spearman's rank correlation"
        }
    },

    {
        "model": "omicspred.Metric",
        "pk": 40529,
        "fields": {
            "name": "Proportion of the variance explained",
            "name_short": "R2",
            "estimate": 0.615,
            "performance": 14305,
            "type": "Pearson's correlation"
        }
    },
    {
        "model": "omicspred.Metric",
        "pk": 40530,
        "fields": {
            "name": "Spearman correlation coefficient",
            "name_short": "Rho",
            "estimate": 0.804,
            "performance": 14305,
            "type": "Spearman's rank correlation"
        }
    },

    {
        "model": "omicspred.Metric",
        "pk": 40531,
        "fields": {
            "name": "Proportion of the variance explained",
            "name_short": "R2",
            "estimate": 0.507,
            "performance": 14306,
            "type": "Pearson's correlation"
        }
    },
    {
        "model": "omicspred.Metric",
        "pk": 40532,
        "fields": {
            "name": "Spearman correlation coefficient",
            "name_short": "Rho",
            "estimate": 0.713,
            "performance": 14306,
            "type": "Spearman's rank correlation"
        }
    },
    {
        "model": "omicspred.Metric",
        "pk": 40533,
        "fields": {
            "name": "Missing Rate",
            "name_short": "Missing Rate",
            "estimate": 0.375,
            "performance": 14306,
            "type": "Variant Missing Rate"
        }
    },

    {
        "model": "omicspred.metric",
        "pk": 69,
        "fields": {
            "name": "Proportion of the variance explained",
            "name_short": "R2",
            "estimate": 0.03,
            "performance_id": 17155,
            "type": "Pearson's correlation"
        }
    },
    {
        "model": "omicspred.Metric",
        "pk": 70,
        "fields": {
            "name": "Spearman correlation coefficient",
            "name_short": "Rho",
            "estimate": 0.165,
            "performance_id": 17155,
            "type": "Spearman's rank correlation"
        }
    },

    {
        "model": "omicspred.Metric",
        "pk": 40531,
        "fields": {
            "name": "Proportion of the variance explained",
            "name_short": "R2",
            "estimate": 0.019,
            "performance": 17156,
            "type": "Pearson's correlation"
        }
    },
    {
        "model": "omicspred.Metric",
        "pk": 40532,
        "fields": {
            "name": "Spearman correlation coefficient",
            "name_short": "Rho",
            "estimate": 0.135,
            "performance": 17156,
            "type": "Spearman's rank correlation"
        }
    },
    {
        "model": "omicspred.Metric",
        "pk": 40533,
        "fields": {
            "name": "Missing Rate",
            "name_short": "Missing Rate",
            "estimate": 0,
            "performance": 17156,
            "type": "Variant Missing Rate"
        }
    },

    {
        "model": "omicspred.Metric",
        "pk": 41000,
        "fields": {
            "name": "Proportion of the variance explained",
            "name_short": "R2",
            "estimate": 0.766,
            "performance": 17200,
            "type": "Pearson's correlation"
        }
    },
    {
        "model": "omicspred.Metric",
        "pk": 41001,
        "fields": {
            "name": "Spearman correlation coefficient",
            "name_short": "Rho",
            "estimate": 0.832,
            "performance": 17200,
            "type": "Spearman's rank correlation"
        }
    },

    {
        "model": "omicspred.Metric",
        "pk": 42000,
        "fields": {
            "name": "Proportion of the variance explained",
            "name_short": "R2",
            "estimate": 0.717,
            "performance": 17201,
            "type": "Pearson's correlation"
        }
    },
    {
        "model": "omicspred.Metric",
        "pk": 42001,
        "fields": {
            "name": "Spearman correlation coefficient",
            "name_short": "Rho",
            "estimate": 0.804,
            "performance": 17201,
            "type": "Spearman's rank correlation"
        }
    },
    {
        "model": "omicspred.Phenotype",
        "pk": "MONDO_0005148",
        "fields": {
            "label": "type 2 diabetes mellitus",
            "description": "A type of diabetes mellitus that is characterized by insulin resistance or desensitization and increased blood glucose levels. This is a chronic disease that can develop gradually over the life of a patient and can be linked to both environmental factors and heredity.",
            "category": "Metabolic disorder",
            "url": "http://purl.obolibrary.org/obo/MONDO_0005148",
            "source": "EFO",
            "traits_reported": [
                {
                    "id": "250.2",
                    "label": "Type 2 diabetes",
                    "source": "PheCode"
                }
            ],
            "phewas_count": 4
        }
    },
    {
        "model": "omicspred.Phenotype",
        "pk": "MONDO_0005066",
        "fields": {
            "label": "metabolic disease",
            "description": "A congenital disorder (due to inherited enzyme abnormality) or acquired (due to failure of a metabolically important organ) disorder resulting from an abnormal metabolic process.",
            "category": "Metabolic disorder",
            "url": "http://purl.obolibrary.org/obo/MONDO_0005066",
            "source": "EFO",
            "traits_reported": [
                {
                    "id": "272",
                    "label": "Disorders of lipid metabolism",
                    "source": "PheCode"
                },
                {
                    "id": "277",
                    "label": "Other disorders of metabolism",
                    "source": "PheCode"
                }
            ],
            "phewas_count": 0
        }
    },
    {
        "model": "omicspred.ScorePheWAS",
        "pk": 18496,
        "fields": {
            "score_id": 5,
            "publication_id": 1,
            "samples": [ 499 ],
            "phenotypes": [ "MONDO_0005148" ],
            "dataset_id": 1,
            "method_description": "S-PrediXcan",
            "trait_reported": "Type 2 diabetes (PheCode 250.2)",
            "hr": 0.92,
            "hr_ci": [0.89,0.95],
            "adjusted_pvalue": 0.00812,
            "adjusted_pvalue_method": "False Discovery Rate (FDR)",
            "zscore": -3.495,
            "pvalue": 0.000473,
            "bonferroni": 1,
            "effect_size": -0.0238,
            "var_gene_exp": 0.575,
            "variants_number_used": 297,
            "variants_fraction_found": 0.91
        }
    },
    {
        "model": "omicspred.ScorePheWAS",
        "pk": 44386,
        "fields": {
            "score_id": 2385,
            "publication_id": 1,
            "samples": [ 490 ],
            "phenotypes": [ "MONDO_0005148" ],
            "dataset_id": 1,
            "method_description": "S-PrediXcan",
            "trait_reported": "Disorders of lipid metabolism (PheCode 272)",
            "hr": 0.9,
            "hr_ci": [0.87,0.93],
            "adjusted_pvalue": 0.00341,
            "adjusted_pvalue_method": "False Discovery Rate (FDR)",
            "zscore": -3.515,
            "pvalue": 0.000438,
            "bonferroni": 0.129,
            "effect_size": -0.0188,
            "var_gene_exp": 0.524,
            "variants_number_used": 331,
            "variants_fraction_found": 0.91
        }
    },
    {
        "model": "omicspred.ScorePheWAS",
        "pk": 66017,
        "fields": {
            "score_id": 3006,
            "publication_id": 1,
            "samples": [ 673 ],
            "phenotypes": [ "MONDO_0005148" ],
            "dataset_id": 3,
            "method_description": "S-PrediXcan",
            "trait_reported": "Disorders of lipid metabolism (PheCode 272)",
            "hr": 1.02,
            "hr_ci": [1.01,1.03],
            "adjusted_pvalue": 0.0354,
            "adjusted_pvalue_method": "False Discovery Rate (FDR)",
            "zscore": -3.717,
            "pvalue": 0.0002,
            "bonferroni": 0.141,
            "effect_size": -0.402,
            "var_gene_exp": 0.0284,
            "variants_number_used": 19,
            "variants_fraction_found": 1
        }
    },
    {
        "model": "omicspred.ScorePheWAS",
        "pk": 66021,
        "fields": {
            "score_id": 3006,
            "publication_id": 1,
            "samples": [ 643 ],
            "phenotypes": [ "MONDO_0005148" ],
            "dataset_id": 3,
            "method_description": "S-PrediXcan",
            "trait_reported": "Type 2 diabetes (PheCode 250.2)",
            "hr": 0.97,
            "hr_ci": [0.96,0.99],
            "adjusted_pvalue": 0.00126,
            "adjusted_pvalue_method": "False Discovery Rate (FDR)",
            "zscore": -4.775,
            "pvalue": 1.79e-06,
            "bonferroni": 0.00126,
            "effect_size": -0.182,
            "var_gene_exp": 0.0284,
            "variants_number_used": 19,
            "variants_fraction_found": 1
        }
    }
]